split,cluster,baseline,n_test,similarity_mean,similarity_std,ci95_lo,ci95_hi
paper,0,global_mean,40,0.7264583333333332,0.04469514794695282,0.7123958333333333,0.7410455729166665
paper,0,cluster_majority,40,0.7810416666666666,0.034757343348804245,0.7700520833333334,0.7915638020833333
paper,0,cluster_mean,40,0.7936458333333334,0.03935501587225642,0.7807812500000001,0.8058854166666667
paper,0,centroid_determin,40,0.7264583333333332,0.04469514794695282,0.7123958333333333,0.7410455729166665
paper,0,empirical_sample,40,0.7181770833333333,0.033926964998258466,0.7075520833333334,0.7284388020833333
paper,0,train_user_copy,40,0.7215624999999999,0.04171234475381492,0.7088541666666666,0.7344283854166666
rand0,0,global_mean,40,0.7264062499999999,0.04220842459475162,0.7130716145833333,0.7394791666666667
rand0,0,cluster_majority,40,0.7765104166666668,0.03239227438918371,0.7663541666666667,0.7864596354166666
rand0,0,cluster_mean,40,0.78953125,0.03901034712944403,0.7776041666666667,0.8018749999999999
rand0,0,centroid_determin,40,0.7264062499999999,0.04220842459475162,0.7130716145833333,0.7394791666666667
rand0,0,empirical_sample,40,0.7195833333333332,0.029388294863771872,0.7100520833333334,0.7283333333333333
rand0,0,train_user_copy,40,0.7280208333333332,0.04287556182819455,0.7150520833333334,0.7415638020833333
rand1,0,global_mean,40,0.7323958333333334,0.05082426063161174,0.7165611979166666,0.7490104166666666
rand1,0,cluster_majority,40,0.7772916666666667,0.03582727661991629,0.7656770833333334,0.7881770833333335
rand1,0,cluster_mean,40,0.7872916666666667,0.04394006334390822,0.7730208333333334,0.8010937499999999
rand1,0,centroid_determin,40,0.7323958333333334,0.05082426063161174,0.7165611979166666,0.7490104166666666
rand1,0,empirical_sample,40,0.7105729166666667,0.03453682710115794,0.6993216145833333,0.7211458333333333
rand1,0,train_user_copy,40,0.7162499999999999,0.05552229907383559,0.6989062500000001,0.73359375
rand2,0,global_mean,40,0.7306250000000001,0.0507991688470939,0.7153125,0.7470846354166666
rand2,0,cluster_majority,40,0.7823958333333334,0.03590638749852795,0.7705729166666667,0.7930221354166666
rand2,0,cluster_mean,40,0.7975,0.0384096839279425,0.7851028645833333,0.8092187500000001
rand2,0,centroid_determin,40,0.7306250000000001,0.0507991688470939,0.7153125,0.7470846354166666
rand2,0,empirical_sample,40,0.7281770833333333,0.03034447590389302,0.7184895833333333,0.7373958333333334
rand2,0,train_user_copy,40,0.7313541666666667,0.042256117037457824,0.7178645833333334,0.7442213541666667
rand3,0,global_mean,40,0.7296354166666668,0.04567559860756859,0.7155208333333334,0.7436458333333333
rand3,0,cluster_majority,40,0.7765104166666668,0.034901235589298585,0.7658854166666667,0.78760546875
rand3,0,cluster_mean,40,0.7861979166666667,0.03815313027559323,0.7742708333333332,0.7982291666666667
rand3,0,centroid_determin,40,0.7296354166666668,0.04567559860756859,0.7155208333333334,0.7436458333333333
rand3,0,empirical_sample,40,0.72,0.03307451603744356,0.7095833333333333,0.7302083333333333
rand3,0,train_user_copy,40,0.7119791666666666,0.034399454685196514,0.7011458333333334,0.7228138020833333
rand4,0,global_mean,40,0.7420312499999999,0.04807015159978578,0.7267708333333334,0.7568229166666667
rand4,0,cluster_majority,40,0.7861979166666666,0.027507446513903782,0.7777591145833332,0.7947395833333333
rand4,0,cluster_mean,40,0.8001562499999999,0.038463850215982025,0.7879166666666666,0.8120312500000001
rand4,0,centroid_determin,40,0.7420312499999999,0.04807015159978578,0.7267708333333334,0.7568229166666667
rand4,0,empirical_sample,40,0.7260416666666667,0.02530199541977316,0.7175520833333333,0.73375
rand4,0,train_user_copy,40,0.73453125,0.04269788363014091,0.7215104166666667,0.74796875
rand5,0,global_mean,40,0.7442708333333333,0.04878237439981098,0.7291145833333333,0.7594270833333333
rand5,0,cluster_majority,40,0.7802083333333334,0.03434026022356589,0.7696341145833333,0.7908333333333333
rand5,0,cluster_mean,40,0.7951041666666667,0.04129666447217956,0.7822903645833332,0.8080729166666666
rand5,0,centroid_determin,40,0.7442708333333333,0.04878237439981098,0.7291145833333333,0.7594270833333333
rand5,0,empirical_sample,40,0.7168229166666666,0.031240927502481062,0.7070833333333334,0.7264583333333333
rand5,0,train_user_copy,40,0.7196875,0.05123464793775355,0.70390625,0.7357304687499999
rand6,0,global_mean,40,0.7308333333333333,0.055905969543113686,0.7129153645833333,0.7479166666666667
rand6,0,cluster_majority,40,0.776875,0.04225316391835185,0.7635937500000001,0.7900026041666667
rand6,0,cluster_mean,40,0.78875,0.04980386879773721,0.7725520833333335,0.8040638020833333
rand6,0,centroid_determin,40,0.7308333333333333,0.055905969543113686,0.7129153645833333,0.7479166666666667
rand6,0,empirical_sample,40,0.7261458333333333,0.03302247629982073,0.71536328125,0.7363554687499999
rand6,0,train_user_copy,40,0.7245833333333334,0.04706489314411185,0.7098958333333333,0.7391666666666666
rand7,0,global_mean,40,0.7321354166666667,0.0446044719649368,0.7179674479166667,0.7455729166666666
rand7,0,cluster_majority,40,0.78359375,0.0380092376724067,0.7720312500000001,0.7955208333333333
rand7,0,cluster_mean,40,0.79421875,0.03944462401538742,0.7817187500000001,0.8061979166666667
rand7,0,centroid_determin,40,0.7321354166666667,0.0446044719649368,0.7179674479166667,0.7455729166666666
rand7,0,empirical_sample,40,0.720625,0.030649791552671644,0.71114453125,0.7302617187499999
rand7,0,train_user_copy,40,0.734375,0.05154513596515841,0.71828125,0.75078125
rand8,0,global_mean,40,0.7415104166666666,0.04706763081630221,0.7271341145833333,0.7563033854166666
rand8,0,cluster_majority,40,0.76953125,0.04198753406063586,0.7554153645833334,0.78171875
rand8,0,cluster_mean,40,0.7922395833333333,0.046684770251523136,0.7770833333333333,0.8064075520833331
rand8,0,centroid_determin,40,0.7415104166666666,0.04706763081630221,0.7271341145833333,0.7563033854166666
rand8,0,empirical_sample,40,0.7185937499999999,0.02749047933363577,0.7098411458333332,0.7271354166666667
rand8,0,train_user_copy,40,0.72109375,0.04829377759083518,0.7053632812499999,0.73515625
rand9,0,global_mean,40,0.72984375,0.05505163985945629,0.7129166666666666,0.7466666666666667
rand9,0,cluster_majority,40,0.7778645833333334,0.03794209169311322,0.7657799479166666,0.7896888020833334
rand9,0,cluster_mean,40,0.7921354166666666,0.04442555683192264,0.77848828125,0.8061471354166667
rand9,0,centroid_determin,40,0.72984375,0.05505163985945629,0.7129166666666666,0.7466666666666667
rand9,0,empirical_sample,40,0.7258854166666666,0.02874278102302385,0.7165625,0.7345312500000001
rand9,0,train_user_copy,40,0.7259375,0.03356996089222559,0.7158333333333333,0.7365625
rand10,0,global_mean,40,0.7322916666666666,0.051704874985074874,0.7161966145833333,0.7483854166666667
rand10,0,cluster_majority,40,0.7690625,0.04192510994320707,0.7552604166666667,0.7814062500000001
rand10,0,cluster_mean,40,0.7858333333333334,0.04279513536736518,0.7717708333333333,0.7986458333333333
rand10,0,centroid_determin,40,0.7322916666666666,0.051704874985074874,0.7161966145833333,0.7483854166666667
rand10,0,empirical_sample,40,0.7153645833333334,0.03690996312114341,0.70364453125,0.7260416666666666
rand10,0,train_user_copy,40,0.7172395833333333,0.04139753577064636,0.7039583333333332,0.7302096354166666
rand11,0,global_mean,40,0.7300520833333334,0.046137455738787886,0.7157278645833333,0.7445846354166665
rand11,0,cluster_majority,40,0.7886979166666667,0.03144345502191636,0.7791145833333333,0.79854296875
rand11,0,cluster_mean,40,0.7919270833333334,0.03917328041455681,0.77989453125,0.8043229166666667
rand11,0,centroid_determin,40,0.7300520833333334,0.046137455738787886,0.7157278645833333,0.7445846354166665
rand11,0,empirical_sample,40,0.7221875000000001,0.03389356681625258,0.7118229166666666,0.7329687500000001
rand11,0,train_user_copy,40,0.7277604166666667,0.04788356533293083,0.7128111979166666,0.7422434895833333
rand12,0,global_mean,40,0.7274999999999999,0.048073114165358116,0.71265625,0.7419791666666666
rand12,0,cluster_majority,40,0.7902083333333334,0.03763920920322907,0.7780208333333334,0.8022408854166667
rand12,0,cluster_mean,40,0.7938541666666666,0.04635580521448564,0.7788541666666667,0.8080208333333333
rand12,0,centroid_determin,40,0.7274999999999999,0.048073114165358116,0.71265625,0.7419791666666666
rand12,0,empirical_sample,40,0.7282291666666667,0.029671779463452768,0.7188020833333334,0.7372408854166667
rand12,0,train_user_copy,40,0.7268229166666667,0.033502783816236816,0.71640625,0.73734375
rand13,0,global_mean,40,0.7428125,0.05644632021639871,0.7256236979166666,0.7602604166666667
rand13,0,cluster_majority,40,0.7766666666666666,0.03524221742298417,0.7653125,0.7879166666666666
rand13,0,cluster_mean,40,0.7959375,0.046050503488320065,0.78203125,0.8104687500000001
rand13,0,centroid_determin,40,0.7428125,0.05644632021639871,0.7256236979166666,0.7602604166666667
rand13,0,empirical_sample,40,0.7264583333333333,0.02983315875181693,0.7166666666666667,0.7350533854166666
rand13,0,train_user_copy,40,0.7211458333333333,0.042449801849753464,0.7080208333333333,0.7341158854166666
rand14,0,global_mean,40,0.7308854166666666,0.05876493512143435,0.7134882812499999,0.74875
rand14,0,cluster_majority,40,0.7943229166666667,0.03688437822128541,0.7824479166666667,0.8053151041666667
rand14,0,cluster_mean,40,0.80015625,0.050889201496909495,0.7845833333333333,0.8156263020833333
rand14,0,centroid_determin,40,0.7308854166666666,0.05876493512143435,0.7134882812499999,0.74875
rand14,0,empirical_sample,40,0.73,0.0326751423953371,0.7199479166666667,0.73984375
rand14,0,train_user_copy,40,0.7227083333333334,0.04493871212242538,0.7085924479166666,0.7364075520833333
rand15,0,global_mean,40,0.7313020833333332,0.043252346947802216,0.7174986979166667,0.74479296875
rand15,0,cluster_majority,40,0.7822395833333333,0.034689181328121266,0.77098828125,0.7926562500000001
rand15,0,cluster_mean,40,0.7940104166666666,0.03486764253085835,0.7826041666666667,0.8045312499999999
rand15,0,centroid_determin,40,0.7313020833333332,0.043252346947802216,0.7174986979166667,0.74479296875
rand15,0,empirical_sample,40,0.72421875,0.02663771010853577,0.7153645833333334,0.7323437499999998
rand15,0,train_user_copy,40,0.71671875,0.03975425679294889,0.7042695312499999,0.72869921875
rand16,0,global_mean,40,0.7364062499999999,0.05793949546335911,0.7188020833333334,0.7550000000000001
rand16,0,cluster_majority,40,0.7876562500000001,0.04264321127544153,0.7742174479166666,0.8005221354166666
rand16,0,cluster_mean,40,0.7925520833333334,0.04466281733840989,0.7787486979166666,0.8061458333333335
rand16,0,centroid_determin,40,0.7364062499999999,0.05793949546335911,0.7188020833333334,0.7550000000000001
rand16,0,empirical_sample,40,0.7279166666666667,0.03657066029543963,0.7165104166666667,0.73890625
rand16,0,train_user_copy,40,0.7235416666666666,0.0459095011045281,0.7091145833333333,0.73698046875
rand17,0,global_mean,40,0.7111979166666667,0.04799741271781393,0.6963528645833332,0.7261458333333333
rand17,0,cluster_majority,40,0.7744270833333333,0.04070768162008179,0.76130078125,0.7863020833333334
rand17,0,cluster_mean,40,0.7794270833333333,0.043879242385510595,0.7655716145833332,0.7926562500000001
rand17,0,centroid_determin,40,0.7111979166666667,0.04799741271781393,0.6963528645833332,0.7261458333333333
rand17,0,empirical_sample,40,0.7184895833333333,0.033108576575895624,0.7080208333333333,0.7284375
rand17,0,train_user_copy,40,0.7113541666666666,0.04411049395646498,0.6979153645833333,0.7243255208333333
rand18,0,global_mean,40,0.7459895833333332,0.043362338800107154,0.7327083333333333,0.7589075520833334
rand18,0,cluster_majority,40,0.7786979166666667,0.03707656627160956,0.7664049479166666,0.7894283854166666
rand18,0,cluster_mean,40,0.8016145833333332,0.040873936817212755,0.7885937500000001,0.8133854166666665
rand18,0,centroid_determin,40,0.7459895833333332,0.043362338800107154,0.7327083333333333,0.7589075520833334
rand18,0,empirical_sample,40,0.7257291666666668,0.0335007190532283,0.71515625,0.7359375
rand18,0,train_user_copy,40,0.7346874999999999,0.04015905335005075,0.7219791666666666,0.746875
rand19,0,global_mean,40,0.7392187499999999,0.05244227874364719,0.7227578124999999,0.7560989583333333
rand19,0,cluster_majority,40,0.7807812500000001,0.049321541691500166,0.76458203125,0.7960950520833333
rand19,0,cluster_mean,40,0.79328125,0.05178139039744931,0.7766653645833332,0.8094791666666665
rand19,0,centroid_determin,40,0.7392187499999999,0.05244227874364719,0.7227578124999999,0.7560989583333333
rand19,0,empirical_sample,40,0.7261979166666668,0.03737794807910362,0.7137499999999999,0.7373958333333335
rand19,0,train_user_copy,40,0.7186458333333333,0.03869045043497312,0.70671875,0.7306783854166666
paper,1,global_mean,40,0.7042187500000001,0.04266381699264547,0.6910924479166666,0.71713671875
paper,1,cluster_majority,40,0.79609375,0.029267635872215772,0.786875,0.8050520833333333
paper,1,cluster_mean,40,0.8270312499999999,0.02891441326174255,0.81796875,0.8361458333333334
paper,1,centroid_determin,40,0.7042187500000001,0.04266381699264547,0.6910924479166666,0.71713671875
paper,1,empirical_sample,40,0.7515104166666667,0.024816984184083596,0.7434375,0.7591666666666667
paper,1,train_user_copy,40,0.7464062499999999,0.04093627410166181,0.7330716145833333,0.7590104166666667
rand0,1,global_mean,40,0.6623958333333333,0.05351764620067956,0.6456250000000001,0.6777604166666666
rand0,1,cluster_majority,40,0.8039583333333333,0.03547727656934475,0.7931250000000001,0.8147916666666667
rand0,1,cluster_mean,40,0.8014583333333334,0.036288891972000956,0.7902591145833333,0.81244921875
rand0,1,centroid_determin,40,0.6623958333333333,0.05351764620067956,0.6456250000000001,0.6777604166666666
rand0,1,empirical_sample,40,0.7409375,0.03075846061339148,0.7311966145833333,0.7501562500000001
rand0,1,train_user_copy,40,0.7390625,0.042186213972168145,0.7260937500000001,0.7520325520833333
rand1,1,global_mean,40,0.6844270833333332,0.04661266290271287,0.6703111979166666,0.6986471354166666
rand1,1,cluster_majority,40,0.8099479166666669,0.03231345870864458,0.7998437500000001,0.8198437500000001
rand1,1,cluster_mean,40,0.8127604166666668,0.035010500347018914,0.8015104166666667,0.8236458333333332
rand1,1,centroid_determin,40,0.6844270833333332,0.04661266290271287,0.6703111979166666,0.6986471354166666
rand1,1,empirical_sample,40,0.7507291666666667,0.02360036009318032,0.7430729166666666,0.7577096354166667
rand1,1,train_user_copy,40,0.75671875,0.04285160799969731,0.7433841145833333,0.7699999999999999
rand2,1,global_mean,40,0.66609375,0.05551602054656286,0.6480729166666667,0.6826575520833332
rand2,1,cluster_majority,40,0.79859375,0.03738810708253733,0.7866666666666666,0.8100520833333335
rand2,1,cluster_mean,40,0.8057812500000001,0.04490655686897392,0.79125,0.8197395833333332
rand2,1,centroid_determin,40,0.66609375,0.05551602054656286,0.6480729166666667,0.6826575520833332
rand2,1,empirical_sample,40,0.7429166666666667,0.029509885349376277,0.7334361979166666,0.75166796875
rand2,1,train_user_copy,40,0.7450520833333333,0.041689284225935486,0.7325,0.7581249999999999
rand3,1,global_mean,40,0.68625,0.046992445462601284,0.6719791666666667,0.7007825520833333
rand3,1,cluster_majority,40,0.8009375000000001,0.0356698973906726,0.7895833333333334,0.8117708333333333
rand3,1,cluster_mean,40,0.8132291666666667,0.04345273513798899,0.7994791666666667,0.8263541666666665
rand3,1,centroid_determin,40,0.68625,0.046992445462601284,0.6719791666666667,0.7007825520833333
rand3,1,empirical_sample,40,0.7457812500000001,0.031897757058795606,0.7354166666666667,0.7552604166666667
rand3,1,train_user_copy,40,0.7518750000000001,0.040771104793850155,0.7391640625,0.76453125
rand4,1,global_mean,40,0.6821354166666668,0.058626287262282965,0.6641653645833333,0.70046875
rand4,1,cluster_majority,40,0.8048437500000001,0.031049312187653822,0.7950507812499998,0.81484375
rand4,1,cluster_mean,40,0.81796875,0.031614840745794445,0.8083854166666666,0.8279166666666666
rand4,1,centroid_determin,40,0.6821354166666668,0.058626287262282965,0.6641653645833333,0.70046875
rand4,1,empirical_sample,40,0.75234375,0.023649217360640778,0.7450520833333333,0.7595846354166665
rand4,1,train_user_copy,40,0.7535416666666667,0.03437247465471302,0.74296875,0.7643229166666666
rand5,1,global_mean,40,0.6896875,0.05263447971492746,0.67348828125,0.7055729166666667
rand5,1,cluster_majority,40,0.7885416666666666,0.03380846273905067,0.7778124999999999,0.7986979166666666
rand5,1,cluster_mean,40,0.805625,0.04566303589581207,0.7908854166666667,0.8192708333333334
rand5,1,centroid_determin,40,0.6896875,0.05263447971492746,0.67348828125,0.7055729166666667
rand5,1,empirical_sample,40,0.7381770833333332,0.032974591372984106,0.7279687499999999,0.74823046875
rand5,1,train_user_copy,40,0.7451041666666667,0.040775761923189935,0.7322382812499999,0.7575520833333333
rand6,1,global_mean,40,0.6982291666666667,0.0452581091183914,0.6841666666666667,0.7119270833333333
rand6,1,cluster_majority,40,0.7957291666666666,0.03444421692913211,0.7845820312499999,0.80588671875
rand6,1,cluster_mean,40,0.8139583333333335,0.04343437738576309,0.8004674479166666,0.8272395833333333
rand6,1,centroid_determin,40,0.6982291666666667,0.0452581091183914,0.6841666666666667,0.7119270833333333
rand6,1,empirical_sample,40,0.7458854166666666,0.03682402167130325,0.7341640625,0.7569791666666668
rand6,1,train_user_copy,40,0.7436458333333332,0.04105263707018913,0.7307812499999999,0.7568229166666667
rand7,1,global_mean,40,0.6893229166666667,0.04640081337402216,0.6745833333333333,0.703125
rand7,1,cluster_majority,40,0.8077604166666668,0.03746522548523793,0.7959375,0.8191145833333333
rand7,1,cluster_mean,40,0.8194270833333335,0.037196070149259186,0.8076041666666667,0.8306783854166667
rand7,1,centroid_determin,40,0.6893229166666667,0.04640081337402216,0.6745833333333333,0.703125
rand7,1,empirical_sample,40,0.7514062499999999,0.027427253449276212,0.7428645833333334,0.7597408854166666
rand7,1,train_user_copy,40,0.7611458333333333,0.041558583775396715,0.7481770833333333,0.7736471354166666
rand8,1,global_mean,40,0.6806770833333333,0.043371346257814934,0.6668229166666666,0.6941145833333333
rand8,1,cluster_majority,40,0.8157812499999999,0.03254233187273583,0.8057812500000001,0.82578125
rand8,1,cluster_mean,40,0.8250520833333332,0.02915731807023086,0.8159361979166665,0.8338541666666666
rand8,1,centroid_determin,40,0.6806770833333333,0.043371346257814934,0.6668229166666666,0.6941145833333333
rand8,1,empirical_sample,40,0.7564583333333333,0.027050460819652518,0.7480195312499999,0.7644791666666666
rand8,1,train_user_copy,40,0.7520833333333334,0.036464285228456385,0.7406757812499999,0.76323046875
rand9,1,global_mean,40,0.6860416666666667,0.05070509781515508,0.6706770833333333,0.7016158854166665
rand9,1,cluster_majority,40,0.7990625,0.03596074127704329,0.7880716145833333,0.8105742187499999
rand9,1,cluster_mean,40,0.8109375,0.03513290119713683,0.8002604166666668,0.821875
rand9,1,centroid_determin,40,0.6860416666666667,0.05070509781515508,0.6706770833333333,0.7016158854166665
rand9,1,empirical_sample,40,0.7469791666666666,0.027712836413534673,0.7383854166666666,0.7555208333333333
rand9,1,train_user_copy,40,0.7424479166666667,0.04094077992585754,0.7300520833333334,0.75546875
rand10,1,global_mean,40,0.6745312499999999,0.037420307392937655,0.6630208333333334,0.6865638020833332
rand10,1,cluster_majority,40,0.8106770833333332,0.0448623171008779,0.7963515624999999,0.8246354166666666
rand10,1,cluster_mean,40,0.8139062500000002,0.040791292931127536,0.8015611979166666,0.8269283854166666
rand10,1,centroid_determin,40,0.6745312499999999,0.037420307392937655,0.6630208333333334,0.6865638020833332
rand10,1,empirical_sample,40,0.7546354166666667,0.02965179687910535,0.74520703125,0.7638020833333333
rand10,1,train_user_copy,40,0.7573958333333334,0.03477029658063842,0.7463528645833333,0.7680208333333334
rand11,1,global_mean,40,0.6817708333333334,0.04506156571692901,0.6674479166666666,0.6955208333333334
rand11,1,cluster_majority,40,0.8069791666666667,0.03536009575111156,0.7955195312500001,0.8178645833333335
rand11,1,cluster_mean,40,0.8099999999999999,0.03669033327125219,0.7981770833333334,0.8214596354166667
rand11,1,centroid_determin,40,0.6817708333333334,0.04506156571692901,0.6674479166666666,0.6955208333333334
rand11,1,empirical_sample,40,0.7446875000000001,0.025099411721193784,0.73671875,0.7524479166666668
rand11,1,train_user_copy,40,0.7447916666666667,0.04080887873163552,0.7318216145833333,0.7572916666666667
rand12,1,global_mean,40,0.6689583333333333,0.0429055406289988,0.6550507812499999,0.6816145833333334
rand12,1,cluster_majority,40,0.8016666666666665,0.03763344312797684,0.7900520833333333,0.8132291666666667
rand12,1,cluster_mean,40,0.8042708333333334,0.040103354970140725,0.79171875,0.81609375
rand12,1,centroid_determin,40,0.6689583333333333,0.0429055406289988,0.6550507812499999,0.6816145833333334
rand12,1,empirical_sample,40,0.7528125,0.03153532933913609,0.74296875,0.7625520833333332
rand12,1,train_user_copy,40,0.7486458333333333,0.038166956649189496,0.7366132812499999,0.7602083333333333
rand13,1,global_mean,40,0.68265625,0.04616919437837974,0.6683333333333333,0.6973450520833333
rand13,1,cluster_majority,40,0.8103645833333333,0.03422152449431904,0.7996861979166666,0.8209375
rand13,1,cluster_mean,40,0.8143229166666668,0.03561582331857178,0.8029687500000001,0.8249479166666667
rand13,1,centroid_determin,40,0.68265625,0.04616919437837974,0.6683333333333333,0.6973450520833333
rand13,1,empirical_sample,40,0.7513020833333334,0.02759409210810954,0.7425,0.7598450520833333
rand13,1,train_user_copy,40,0.7458333333333333,0.03819381312609558,0.7339557291666667,0.7575013020833333
rand14,1,global_mean,40,0.6879687500000001,0.040546097254904406,0.67505078125,0.7006770833333333
rand14,1,cluster_majority,40,0.7954687500000001,0.03845961846670046,0.7834361979166666,0.80765625
rand14,1,cluster_mean,40,0.8096354166666668,0.03635606937475426,0.7980729166666667,0.8207812499999999
rand14,1,centroid_determin,40,0.6879687500000001,0.040546097254904406,0.67505078125,0.7006770833333333
rand14,1,empirical_sample,40,0.7489062500000001,0.030186728984287668,0.7393750000000001,0.7583333333333334
rand14,1,train_user_copy,40,0.7456770833333334,0.03677064890180376,0.7336979166666666,0.7571354166666666
rand15,1,global_mean,40,0.6696875,0.05212904244250245,0.6539583333333333,0.6864596354166667
rand15,1,cluster_majority,40,0.8035416666666666,0.034302954804700615,0.7932291666666668,0.8145846354166667
rand15,1,cluster_mean,40,0.8064583333333332,0.03592708182323376,0.7957799479166665,0.8176041666666667
rand15,1,centroid_determin,40,0.6696875,0.05212904244250245,0.6539583333333333,0.6864596354166667
rand15,1,empirical_sample,40,0.7409895833333333,0.026693457814681236,0.7327083333333333,0.7492200520833333
rand15,1,train_user_copy,40,0.7471875,0.04312437096964752,0.73359375,0.7605221354166666
rand16,1,global_mean,40,0.6936979166666667,0.051605069758952835,0.6773958333333334,0.70953125
rand16,1,cluster_majority,40,0.8060937499999999,0.0329713005859094,0.7960416666666668,0.81640625
rand16,1,cluster_mean,40,0.8146354166666667,0.037852760648534975,0.80301953125,0.8264596354166667
rand16,1,centroid_determin,40,0.6936979166666667,0.051605069758952835,0.6773958333333334,0.70953125
rand16,1,empirical_sample,40,0.7482291666666667,0.025196924070983125,0.7403645833333334,0.7559388020833333
rand16,1,train_user_copy,40,0.7429166666666667,0.040229916487056684,0.7301562500000001,0.755
rand17,1,global_mean,40,0.68515625,0.05583991623972696,0.6684882812499999,0.70203125
rand17,1,cluster_majority,40,0.80859375,0.028860699847018997,0.7992695312499999,0.8175520833333334
rand17,1,cluster_mean,40,0.8180729166666667,0.034373066549161065,0.8072916666666667,0.8286471354166667
rand17,1,centroid_determin,40,0.68515625,0.05583991623972696,0.6684882812499999,0.70203125
rand17,1,empirical_sample,40,0.7558333333333334,0.030223415775042884,0.7466653645833333,0.7652096354166666
rand17,1,train_user_copy,40,0.7619270833333334,0.03237216947890322,0.7518229166666666,0.7717708333333333
rand18,1,global_mean,40,0.67796875,0.05068516550830397,0.66203125,0.69354296875
rand18,1,cluster_majority,40,0.8025520833333333,0.030976187580924325,0.79234375,0.8118229166666666
rand18,1,cluster_mean,40,0.8086979166666668,0.036090067152176525,0.7970833333333334,0.8191666666666666
rand18,1,centroid_determin,40,0.67796875,0.05068516550830397,0.66203125,0.69354296875
rand18,1,empirical_sample,40,0.7505208333333333,0.0248028248699171,0.7425520833333333,0.7579166666666667
rand18,1,train_user_copy,40,0.7525520833333333,0.03469700038818198,0.7407291666666668,0.76323046875
rand19,1,global_mean,40,0.6913541666666666,0.04071451142986028,0.6783307291666667,0.70375
rand19,1,cluster_majority,40,0.8005208333333333,0.033319495825767445,0.7896354166666667,0.81041796875
rand19,1,cluster_mean,40,0.8100000000000002,0.03766226467640463,0.7979674479166666,0.8215104166666667
rand19,1,centroid_determin,40,0.6913541666666666,0.04071451142986028,0.6783307291666667,0.70375
rand19,1,empirical_sample,40,0.7438020833333333,0.02680743890008787,0.7354687500000001,0.7521875
rand19,1,train_user_copy,40,0.7401041666666666,0.03476343040826092,0.72911328125,0.7505729166666667
paper,2,global_mean,40,0.7227083333333333,0.05759540695904299,0.7049466145833332,0.7402096354166666
paper,2,cluster_majority,40,0.7704166666666666,0.034777317400218714,0.7588020833333333,0.7809375
paper,2,cluster_mean,40,0.7846875000000001,0.040153649126753656,0.7719791666666668,0.7970312500000001
paper,2,centroid_determin,40,0.7227083333333333,0.05759540695904299,0.7049466145833332,0.7402096354166666
paper,2,empirical_sample,40,0.7080208333333333,0.027902476181932912,0.6991145833333333,0.7162513020833332
paper,2,train_user_copy,40,0.71109375,0.050491051144333714,0.6952578124999998,0.7264062499999999
rand0,2,global_mean,40,0.7251041666666667,0.057582500446219674,0.7066666666666667,0.7424492187499999
rand0,2,cluster_majority,40,0.7716666666666667,0.03568464792067062,0.760625,0.7827083333333332
rand0,2,cluster_mean,40,0.7866666666666666,0.04725494168749855,0.7717708333333333,0.8007291666666667
rand0,2,centroid_determin,40,0.7251041666666667,0.057582500446219674,0.7066666666666667,0.7424492187499999
rand0,2,empirical_sample,40,0.70921875,0.037764942257539305,0.6976028645833333,0.7205208333333333
rand0,2,train_user_copy,40,0.7142708333333333,0.04716703014435919,0.6991132812499999,0.7280729166666666
rand1,2,global_mean,40,0.7178125,0.05807410779794881,0.6989583333333333,0.73609375
rand1,2,cluster_majority,40,0.7760416666666666,0.04202450508664888,0.7625,0.7889075520833333
rand1,2,cluster_mean,40,0.7819791666666667,0.05049784700443508,0.7659895833333333,0.7977617187499998
rand1,2,centroid_determin,40,0.7178125,0.05807410779794881,0.6989583333333333,0.73609375
rand1,2,empirical_sample,40,0.7149479166666667,0.03845115357095934,0.7024479166666666,0.7267187500000001
rand1,2,train_user_copy,40,0.70703125,0.0446501823107358,0.6925494791666668,0.7198958333333334
rand2,2,global_mean,40,0.748125,0.05123856579764895,0.7320833333333333,0.7642721354166666
rand2,2,cluster_majority,40,0.7828125,0.0379565666895876,0.7707812500000001,0.79463671875
rand2,2,cluster_mean,40,0.8011458333333333,0.039269451788253924,0.7883333333333333,0.8134388020833335
rand2,2,centroid_determin,40,0.748125,0.05123856579764895,0.7320833333333333,0.7642721354166666
rand2,2,empirical_sample,40,0.7189583333333334,0.02909515041682681,0.7101041666666666,0.7281263020833333
rand2,2,train_user_copy,40,0.7276562500000001,0.036057280757978996,0.7165611979166666,0.7390638020833332
rand3,2,global_mean,40,0.743125,0.04274185676177914,0.72921875,0.7555208333333333
rand3,2,cluster_majority,40,0.7952083333333333,0.03730330358471397,0.7834895833333333,0.8067708333333332
rand3,2,cluster_mean,40,0.8094791666666665,0.04045088220951155,0.7967174479166665,0.8214583333333334
rand3,2,centroid_determin,40,0.743125,0.04274185676177914,0.72921875,0.7555208333333333
rand3,2,empirical_sample,40,0.7241666666666667,0.029495173804840985,0.7149986979166667,0.73328125
rand3,2,train_user_copy,40,0.73953125,0.04517156603001679,0.7251562500000001,0.7536458333333333
rand4,2,global_mean,40,0.7415625,0.056300035616477784,0.7239049479166666,0.7586471354166666
rand4,2,cluster_majority,40,0.7826041666666667,0.05954389356110891,0.7625,0.8
rand4,2,cluster_mean,40,0.795625,0.05749358357919411,0.7760364583333333,0.8124479166666667
rand4,2,centroid_determin,40,0.7415625,0.056300035616477784,0.7239049479166666,0.7586471354166666
rand4,2,empirical_sample,40,0.7105729166666667,0.047544723782441005,0.6942695312499999,0.7239583333333333
rand4,2,train_user_copy,40,0.71390625,0.053888282029622786,0.6960416666666667,0.7303151041666666
rand5,2,global_mean,40,0.7323958333333334,0.05290384933353675,0.7160403645833333,0.7488020833333333
rand5,2,cluster_majority,40,0.7851041666666666,0.029728772480451398,0.7758854166666668,0.7944270833333333
rand5,2,cluster_mean,40,0.7931250000000001,0.03868273732127377,0.7813007812499999,0.8048450520833333
rand5,2,centroid_determin,40,0.7323958333333334,0.05290384933353675,0.7160403645833333,0.7488020833333333
rand5,2,empirical_sample,40,0.724375,0.03112544622616322,0.71484375,0.7339075520833332
rand5,2,train_user_copy,40,0.7282291666666667,0.03759522054249568,0.7163541666666667,0.7400026041666666
rand6,2,global_mean,40,0.7318749999999999,0.05425513608559716,0.7150494791666667,0.7489062499999999
rand6,2,cluster_majority,40,0.7849999999999999,0.031087075288614728,0.7751041666666667,0.7947916666666666
rand6,2,cluster_mean,40,0.7991666666666667,0.04021103186108674,0.7861979166666666,0.8118242187499999
rand6,2,centroid_determin,40,0.7318749999999999,0.05425513608559716,0.7150494791666667,0.7489062499999999
rand6,2,empirical_sample,40,0.7261458333333334,0.029281581656487674,0.7169257812500001,0.735
rand6,2,train_user_copy,40,0.7261458333333334,0.04985645627838874,0.7111979166666667,0.7411471354166667
rand7,2,global_mean,40,0.72109375,0.05010013302370619,0.7046341145833334,0.73546875
rand7,2,cluster_majority,40,0.7782812499999999,0.04534753793811315,0.76375,0.7919283854166665
rand7,2,cluster_mean,40,0.7868229166666667,0.05336219006930896,0.7702591145833333,0.8028124999999999
rand7,2,centroid_determin,40,0.72109375,0.05010013302370619,0.7046341145833334,0.73546875
rand7,2,empirical_sample,40,0.7222916666666667,0.035444841734102235,0.7111966145833333,0.73297265625
rand7,2,train_user_copy,40,0.71484375,0.04991135262302278,0.6993229166666668,0.7303138020833333
rand8,2,global_mean,40,0.7228125,0.05378461014262765,0.7060416666666667,0.7390625
rand8,2,cluster_majority,40,0.7725000000000001,0.05389193147195393,0.7549479166666666,0.78828125
rand8,2,cluster_mean,40,0.7839583333333333,0.05689865198071236,0.7654166666666666,0.8005742187499999
rand8,2,centroid_determin,40,0.7228125,0.05378461014262765,0.7060416666666667,0.7390625
rand8,2,empirical_sample,40,0.7155208333333334,0.0416821585783414,0.70234375,0.7277083333333334
rand8,2,train_user_copy,40,0.70546875,0.05400152610851485,0.6884895833333333,0.7215624999999999
rand9,2,global_mean,40,0.72765625,0.06308577490734121,0.7086458333333334,0.7469791666666666
rand9,2,cluster_majority,40,0.7784895833333334,0.039331400850744484,0.7658307291666667,0.7908854166666666
rand9,2,cluster_mean,40,0.7932812499999999,0.04922244254226306,0.7777083333333333,0.80859375
rand9,2,centroid_determin,40,0.72765625,0.06308577490734121,0.7086458333333334,0.7469791666666666
rand9,2,empirical_sample,40,0.7084374999999999,0.033508491616553955,0.6978111979166667,0.7184375
rand9,2,train_user_copy,40,0.7180208333333333,0.058015409680675936,0.7003125000000001,0.7358333333333333
rand10,2,global_mean,40,0.7381249999999999,0.05313153554570434,0.7219244791666667,0.7543763020833333
rand10,2,cluster_majority,40,0.7796875,0.03735722240708243,0.7678645833333333,0.7907291666666667
rand10,2,cluster_mean,40,0.7954166666666668,0.047207616205203334,0.7808333333333334,0.8096367187500001
rand10,2,centroid_determin,40,0.7381249999999999,0.05313153554570434,0.7219244791666667,0.7543763020833333
rand10,2,empirical_sample,40,0.7212500000000001,0.031763831195594505,0.7111458333333334,0.7310416666666667
rand10,2,train_user_copy,40,0.7341666666666666,0.04643029796850807,0.7202083333333333,0.7486471354166666
rand11,2,global_mean,40,0.7366666666666667,0.054043931461152765,0.7199986979166666,0.7533346354166667
rand11,2,cluster_majority,40,0.7861458333333333,0.032899355943966105,0.7755729166666667,0.7963541666666666
rand11,2,cluster_mean,40,0.7995833333333333,0.04557979114817345,0.7852591145833333,0.8139583333333335
rand11,2,centroid_determin,40,0.7366666666666667,0.054043931461152765,0.7199986979166666,0.7533346354166667
rand11,2,empirical_sample,40,0.72359375,0.03456823057525749,0.7126028645833332,0.7344283854166667
rand11,2,train_user_copy,40,0.7292708333333333,0.03661558349748248,0.7177083333333334,0.7406770833333334
rand12,2,global_mean,40,0.7409375,0.06883131239466687,0.7185416666666666,0.7613020833333334
rand12,2,cluster_majority,40,0.7725,0.05192308681544698,0.755625,0.7878645833333333
rand12,2,cluster_mean,40,0.7894791666666666,0.05906892969117615,0.7702070312499999,0.8065104166666666
rand12,2,centroid_determin,40,0.7409375,0.06883131239466687,0.7185416666666666,0.7613020833333334
rand12,2,empirical_sample,40,0.7072916666666667,0.03942952573896876,0.6944257812499999,0.7189596354166666
rand12,2,train_user_copy,40,0.7096354166666666,0.06253243516007202,0.6904166666666667,0.7290104166666665
rand13,2,global_mean,40,0.72453125,0.056335751573773685,0.7066640625,0.7414075520833333
rand13,2,cluster_majority,40,0.77546875,0.04406751719859665,0.7618750000000001,0.7885950520833334
rand13,2,cluster_mean,40,0.7802604166666667,0.049810812872237445,0.7644270833333333,0.7953138020833332
rand13,2,centroid_determin,40,0.72453125,0.056335751573773685,0.7066640625,0.7414075520833333
rand13,2,empirical_sample,40,0.7165104166666667,0.03578056767908385,0.7052083333333334,0.7269791666666666
rand13,2,train_user_copy,40,0.7229166666666667,0.04796419744049838,0.7077591145833333,0.7374479166666668
rand14,2,global_mean,40,0.7384375,0.04807932085366847,0.7229166666666667,0.7529166666666667
rand14,2,cluster_majority,40,0.7878124999999999,0.03958209976148028,0.7755716145833333,0.7997929687499999
rand14,2,cluster_mean,40,0.7982291666666667,0.04702418390070984,0.7828632812499999,0.8125026041666666
rand14,2,centroid_determin,40,0.7384375,0.04807932085366847,0.7229166666666667,0.7529166666666667
rand14,2,empirical_sample,40,0.72046875,0.03700450276420951,0.7086979166666667,0.7318229166666667
rand14,2,train_user_copy,40,0.724375,0.043980543362314696,0.7101549479166667,0.73734375
rand15,2,global_mean,40,0.74046875,0.05298569869779066,0.7238541666666667,0.7566145833333333
rand15,2,cluster_majority,40,0.7765104166666668,0.04102100659138966,0.7641145833333334,0.7888020833333333
rand15,2,cluster_mean,40,0.79859375,0.04883270117444923,0.7838515625,0.8134388020833333
rand15,2,centroid_determin,40,0.74046875,0.05298569869779066,0.7238541666666667,0.7566145833333333
rand15,2,empirical_sample,40,0.7214583333333333,0.035441780311754476,0.7102604166666667,0.7321354166666667
rand15,2,train_user_copy,40,0.7075520833333333,0.04635050898490461,0.69296875,0.7217708333333333
rand16,2,global_mean,40,0.7313020833333332,0.05149350919014237,0.7156770833333334,0.74734375
rand16,2,cluster_majority,40,0.7674479166666667,0.04403598862601853,0.75364453125,0.7808346354166666
rand16,2,cluster_mean,40,0.7897395833333334,0.05276715159383144,0.7730208333333334,0.8058333333333334
rand16,2,centroid_determin,40,0.7313020833333332,0.05149350919014237,0.7156770833333334,0.74734375
rand16,2,empirical_sample,40,0.7199479166666667,0.03865660648358039,0.7074999999999999,0.7318749999999999
rand16,2,train_user_copy,40,0.70921875,0.05261785609830511,0.6929153645833332,0.72510546875
rand17,2,global_mean,40,0.7434895833333333,0.047242052489678096,0.7288020833333333,0.7577083333333332
rand17,2,cluster_majority,40,0.7721354166666666,0.04147269302195187,0.75926953125,0.7847395833333334
rand17,2,cluster_mean,40,0.7922395833333333,0.04978684491123411,0.7764570312499999,0.8067187499999999
rand17,2,centroid_determin,40,0.7434895833333333,0.047242052489678096,0.7288020833333333,0.7577083333333332
rand17,2,empirical_sample,40,0.71484375,0.04364866115540914,0.7008854166666667,0.7278645833333333
rand17,2,train_user_copy,40,0.7105729166666667,0.046361510420148085,0.69609375,0.7253645833333333
rand18,2,global_mean,40,0.72203125,0.05040609285640587,0.7064049479166666,0.7373450520833332
rand18,2,cluster_majority,40,0.7790104166666667,0.041901389642744015,0.76583203125,0.7919270833333334
rand18,2,cluster_mean,40,0.7841145833333334,0.0495195832737329,0.7683320312499999,0.7992200520833332
rand18,2,centroid_determin,40,0.72203125,0.05040609285640587,0.7064049479166666,0.7373450520833332
rand18,2,empirical_sample,40,0.70921875,0.03937965002304489,0.696875,0.7211979166666668
rand18,2,train_user_copy,40,0.7232291666666667,0.05227163876089977,0.7072916666666667,0.7388541666666667
rand19,2,global_mean,40,0.7421354166666667,0.04438646052124642,0.7279166666666667,0.7553658854166666
rand19,2,cluster_majority,40,0.7724479166666667,0.029964850285028405,0.7631770833333332,0.78171875
rand19,2,cluster_mean,40,0.7965104166666667,0.0365575658470271,0.7845833333333333,0.8073958333333333
rand19,2,centroid_determin,40,0.7421354166666667,0.04438646052124642,0.7279166666666667,0.7553658854166666
rand19,2,empirical_sample,40,0.7185416666666666,0.03102278508523121,0.7088541666666667,0.7279687499999999
rand19,2,train_user_copy,40,0.7177083333333334,0.04921475402649991,0.7023424479166667,0.7329700520833333
paper,3,global_mean,40,0.7264583333333332,0.059745190996616813,0.70801953125,0.7450559895833333
paper,3,cluster_majority,40,0.7648958333333333,0.040722505849209334,0.7517708333333333,0.7772408854166666
paper,3,cluster_mean,40,0.7790625,0.05239065580780815,0.7622382812499998,0.7949492187500001
paper,3,centroid_determin,40,0.7264583333333332,0.059745190996616813,0.70801953125,0.7450559895833333
paper,3,empirical_sample,40,0.6944270833333334,0.03710260354886389,0.6828645833333333,0.70573046875
paper,3,train_user_copy,40,0.7038541666666667,0.04254172277991728,0.6906770833333333,0.71698046875
rand0,3,global_mean,40,0.7506770833333334,0.05004639232300976,0.7352083333333334,0.7660416666666666
rand0,3,cluster_majority,40,0.7680729166666667,0.03894604167725378,0.7559361979166666,0.77953125
rand0,3,cluster_mean,40,0.7931770833333334,0.041523157810414796,0.7806770833333333,0.8057812499999999
rand0,3,centroid_determin,40,0.7506770833333334,0.05004639232300976,0.7352083333333334,0.7660416666666666
rand0,3,empirical_sample,40,0.7063020833333333,0.03634353205246582,0.6950520833333333,0.7172395833333333
rand0,3,train_user_copy,40,0.7071875000000001,0.04895600615036366,0.6911458333333333,0.7213541666666666
rand1,3,global_mean,40,0.7373958333333333,0.059739288178579195,0.7188007812499999,0.7556770833333333
rand1,3,cluster_majority,40,0.7620833333333333,0.03892043611294999,0.74926953125,0.7742200520833332
rand1,3,cluster_mean,40,0.7811458333333334,0.04887836998185736,0.7653645833333333,0.7963020833333333
rand1,3,centroid_determin,40,0.7373958333333333,0.059739288178579195,0.7188007812499999,0.7556770833333333
rand1,3,empirical_sample,40,0.6972395833333334,0.034805971048941044,0.6861979166666667,0.7077096354166666
rand1,3,train_user_copy,40,0.7136458333333333,0.044463307086667916,0.6996861979166665,0.7269283854166666
rand2,3,global_mean,40,0.7388020833333333,0.04615579628152833,0.7247395833333334,0.7531770833333333
rand2,3,cluster_majority,40,0.74390625,0.04044937331053817,0.7308854166666666,0.7559375
rand2,3,cluster_mean,40,0.78203125,0.04045017806366178,0.7688020833333334,0.79421875
rand2,3,centroid_determin,40,0.7388020833333333,0.04615579628152833,0.7247395833333334,0.7531770833333333
rand2,3,empirical_sample,40,0.7000520833333334,0.030804066557729933,0.69051953125,0.709375
rand2,3,train_user_copy,40,0.6938541666666667,0.05255401900135179,0.6770299479166666,0.7096875
rand3,3,global_mean,40,0.7388541666666667,0.061487546023338925,0.7198424479166666,0.7579166666666666
rand3,3,cluster_majority,40,0.7579166666666666,0.03810051581744735,0.7459375,0.7691692708333333
rand3,3,cluster_mean,40,0.7723958333333333,0.04874899838714638,0.7569791666666668,0.7871874999999999
rand3,3,centroid_determin,40,0.7388541666666667,0.061487546023338925,0.7198424479166666,0.7579166666666666
rand3,3,empirical_sample,40,0.6973958333333334,0.03474782042525192,0.6859375,0.7078125
rand3,3,train_user_copy,40,0.6928645833333333,0.03571226975337048,0.6818216145833333,0.7034908854166666
rand4,3,global_mean,40,0.7385416666666667,0.06453459182226742,0.7185416666666666,0.75901171875
rand4,3,cluster_majority,40,0.7526041666666666,0.045839843287678116,0.7378125000000001,0.7666145833333333
rand4,3,cluster_mean,40,0.7658333333333334,0.051338000328974426,0.7494778645833332,0.7819804687499999
rand4,3,centroid_determin,40,0.7385416666666667,0.06453459182226742,0.7185416666666666,0.75901171875
rand4,3,empirical_sample,40,0.7027083333333334,0.03585876035844581,0.6913007812499999,0.7136979166666666
rand4,3,train_user_copy,40,0.6978125,0.04631130977627866,0.6836445312499999,0.7123450520833332
rand5,3,global_mean,40,0.7409375,0.06619551939666646,0.7184895833333333,0.76088671875
rand5,3,cluster_majority,40,0.7573958333333334,0.056400166069249205,0.7384375000000001,0.7736992187499999
rand5,3,cluster_mean,40,0.775625,0.06566995814508927,0.7534375000000001,0.7951041666666667
rand5,3,centroid_determin,40,0.7409375,0.06619551939666646,0.7184895833333333,0.76088671875
rand5,3,empirical_sample,40,0.7009895833333333,0.051319371029679865,0.68317578125,0.7158346354166666
rand5,3,train_user_copy,40,0.7030729166666667,0.057073424284412894,0.6846875,0.7203125
rand6,3,global_mean,40,0.7354166666666666,0.062348775382253224,0.71614453125,0.7546354166666667
rand6,3,cluster_majority,40,0.7611458333333333,0.04617897605903699,0.7459361979166665,0.7742721354166665
rand6,3,cluster_mean,40,0.7770833333333333,0.05423673352893673,0.7596341145833332,0.79296875
rand6,3,centroid_determin,40,0.7354166666666666,0.062348775382253224,0.71614453125,0.7546354166666667
rand6,3,empirical_sample,40,0.7045833333333335,0.03961676220013723,0.6916666666666667,0.7164609375
rand6,3,train_user_copy,40,0.7126041666666667,0.045543472631163685,0.6982799479166666,0.7271875
rand7,3,global_mean,40,0.7263541666666666,0.05187782371832882,0.7103645833333333,0.7422395833333333
rand7,3,cluster_majority,40,0.7625,0.033990909732521786,0.7525000000000001,0.7731263020833333
rand7,3,cluster_mean,40,0.7727083333333333,0.04010565473429734,0.7605208333333333,0.7849999999999999
rand7,3,centroid_determin,40,0.7263541666666666,0.05187782371832882,0.7103645833333333,0.7422395833333333
rand7,3,empirical_sample,40,0.7,0.029777823123928987,0.6904674479166666,0.7089596354166666
rand7,3,train_user_copy,40,0.69921875,0.040140507074023404,0.6868216145833332,0.7114075520833332
rand8,3,global_mean,40,0.7554166666666667,0.05736132129366927,0.7376536458333334,0.7731770833333333
rand8,3,cluster_majority,40,0.7689583333333333,0.033704959658120884,0.7588541666666667,0.7791145833333333
rand8,3,cluster_mean,40,0.7932291666666667,0.04366497193753313,0.7797916666666668,0.8061458333333332
rand8,3,centroid_determin,40,0.7554166666666667,0.05736132129366927,0.7376536458333334,0.7731770833333333
rand8,3,empirical_sample,40,0.7097916666666666,0.028834417127993263,0.7009375,0.7186979166666667
rand8,3,train_user_copy,40,0.7112499999999999,0.05015124693808165,0.6954687500000001,0.7267187500000001
rand9,3,global_mean,40,0.74296875,0.05716024225168078,0.7248958333333333,0.7609895833333333
rand9,3,cluster_majority,40,0.7547395833333332,0.048365173375681414,0.7391666666666667,0.7693749999999999
rand9,3,cluster_mean,40,0.7781770833333332,0.05402422677829879,0.7611458333333333,0.7948450520833332
rand9,3,centroid_determin,40,0.74296875,0.05716024225168078,0.7248958333333333,0.7609895833333333
rand9,3,empirical_sample,40,0.7040625,0.041271432773704916,0.6910403645833333,0.7167721354166666
rand9,3,train_user_copy,40,0.6986458333333333,0.05575700239406905,0.6813541666666667,0.7159388020833334
rand10,3,global_mean,40,0.7443229166666667,0.05363114179895597,0.7275,0.761875
rand10,3,cluster_majority,40,0.7596354166666666,0.034104642317493467,0.7489583333333333,0.77015625
rand10,3,cluster_mean,40,0.7817187499999999,0.03625684651580765,0.77,0.7933346354166666
rand10,3,centroid_determin,40,0.7443229166666667,0.05363114179895597,0.7275,0.761875
rand10,3,empirical_sample,40,0.7003645833333334,0.028953414975012488,0.6909375000000001,0.7093763020833332
rand10,3,train_user_copy,40,0.69265625,0.0571323305152535,0.6743736979166667,0.7097408854166666
rand11,3,global_mean,40,0.7424479166666667,0.06580116483977189,0.7216653645833333,0.7628138020833334
rand11,3,cluster_majority,40,0.7500520833333333,0.038882188007760485,0.7373945312499999,0.7615624999999999
rand11,3,cluster_mean,40,0.7803645833333335,0.05657868380350943,0.76171875,0.7973958333333334
rand11,3,centroid_determin,40,0.7424479166666667,0.06580116483977189,0.7216653645833333,0.7628138020833334
rand11,3,empirical_sample,40,0.6834374999999999,0.04156746002149866,0.6697890625,0.6957291666666666
rand11,3,train_user_copy,40,0.6902083333333333,0.057624412506043526,0.6715625,0.7067213541666667
rand12,3,global_mean,40,0.7410416666666666,0.06064826300526303,0.72203125,0.7592708333333332
rand12,3,cluster_majority,40,0.76875,0.03885570260592388,0.7565104166666667,0.7805208333333333
rand12,3,cluster_mean,40,0.7858333333333334,0.05147182684083919,0.7693229166666666,0.8013033854166665
rand12,3,centroid_determin,40,0.7410416666666666,0.06064826300526303,0.72203125,0.7592708333333332
rand12,3,empirical_sample,40,0.7005729166666667,0.031093313788118318,0.6907291666666667,0.70984375
rand12,3,train_user_copy,40,0.70828125,0.052837226090489464,0.6914570312499999,0.7244270833333333
rand13,3,global_mean,40,0.74546875,0.0528072349035596,0.72875,0.7623958333333334
rand13,3,cluster_majority,40,0.76328125,0.03583904841779502,0.7521354166666667,0.7743749999999999
rand13,3,cluster_mean,40,0.7790104166666667,0.04390940083593528,0.7651041666666667,0.7930208333333333
rand13,3,centroid_determin,40,0.74546875,0.0528072349035596,0.72875,0.7623958333333334
rand13,3,empirical_sample,40,0.7043229166666667,0.0354821315922027,0.6933854166666666,0.7152604166666666
rand13,3,train_user_copy,40,0.704375,0.048227704261485774,0.6890091145833334,0.7196354166666665
rand14,3,global_mean,40,0.7477083333333334,0.05463499463612025,0.7304166666666667,0.7643229166666666
rand14,3,cluster_majority,40,0.7537499999999999,0.04022560078275194,0.7407799479166667,0.7663020833333334
rand14,3,cluster_mean,40,0.7771874999999999,0.04226895428713346,0.7640611979166666,0.7896888020833333
rand14,3,centroid_determin,40,0.7477083333333334,0.05463499463612025,0.7304166666666667,0.7643229166666666
rand14,3,empirical_sample,40,0.6984374999999999,0.02749585669544899,0.6896875,0.7068229166666666
rand14,3,train_user_copy,40,0.6836979166666666,0.060464936715824084,0.6643710937499999,0.7018776041666667
rand15,3,global_mean,40,0.73796875,0.04996198098825578,0.7219791666666666,0.7535416666666667
rand15,3,cluster_majority,40,0.7561979166666667,0.036705967042063546,0.7445820312499999,0.7672408854166667
rand15,3,cluster_mean,40,0.7766145833333333,0.044812222754062554,0.7623945312499999,0.7904166666666667
rand15,3,centroid_determin,40,0.73796875,0.04996198098825578,0.7219791666666666,0.7535416666666667
rand15,3,empirical_sample,40,0.7101041666666668,0.02590610549818968,0.7018216145833333,0.7181770833333333
rand15,3,train_user_copy,40,0.7043229166666667,0.04634980667697607,0.689375,0.7179166666666665
rand16,3,global_mean,40,0.7452083333333333,0.04349678707802579,0.7316145833333334,0.7585416666666667
rand16,3,cluster_majority,40,0.7690625,0.03135935726692186,0.7591666666666667,0.7789596354166667
rand16,3,cluster_mean,40,0.7861458333333333,0.03625703356093667,0.7746861979166666,0.7972408854166666
rand16,3,centroid_determin,40,0.7452083333333333,0.04349678707802579,0.7316145833333334,0.7585416666666667
rand16,3,empirical_sample,40,0.7110416666666667,0.024461207951457432,0.7035924479166666,0.71869921875
rand16,3,train_user_copy,40,0.7027604166666667,0.04868136973780227,0.6873958333333333,0.7177604166666667
rand17,3,global_mean,40,0.7228645833333334,0.053636199579966,0.7064583333333333,0.73953125
rand17,3,cluster_majority,40,0.74703125,0.04026250533607541,0.73411328125,0.7590625
rand17,3,cluster_mean,40,0.7658854166666667,0.048451918776862925,0.7502604166666667,0.7801041666666666
rand17,3,centroid_determin,40,0.7228645833333334,0.053636199579966,0.7064583333333333,0.73953125
rand17,3,empirical_sample,40,0.6902083333333333,0.04041398186959009,0.6773958333333333,0.7025520833333333
rand17,3,train_user_copy,40,0.6823958333333333,0.03763560550972089,0.6711458333333333,0.6941145833333333
rand18,3,global_mean,40,0.7378645833333334,0.04678669344118819,0.7232291666666667,0.7524479166666667
rand18,3,cluster_majority,40,0.76015625,0.03973432686948192,0.7474479166666667,0.77213671875
rand18,3,cluster_mean,40,0.7756770833333333,0.03990110251322428,0.7628125,0.7877604166666667
rand18,3,centroid_determin,40,0.7378645833333334,0.04678669344118819,0.7232291666666667,0.7524479166666667
rand18,3,empirical_sample,40,0.7003645833333334,0.03842292378318718,0.68828125,0.7118749999999999
rand18,3,train_user_copy,40,0.6894791666666666,0.04579058138689659,0.6749986979166667,0.7036979166666667
rand19,3,global_mean,40,0.7579166666666667,0.05519496693540091,0.7407291666666667,0.7745846354166667
rand19,3,cluster_majority,40,0.7682291666666667,0.033919808157132414,0.75734375,0.77828125
rand19,3,cluster_mean,40,0.7910416666666666,0.04041666666666667,0.7782799479166665,0.8033854166666666
rand19,3,centroid_determin,40,0.7579166666666667,0.05519496693540091,0.7407291666666667,0.7745846354166667
rand19,3,empirical_sample,40,0.70859375,0.029577418349397526,0.6989583333333333,0.7173958333333333
rand19,3,train_user_copy,40,0.7235937499999999,0.039589877474393624,0.71130078125,0.73609375
