cell_id,arm,model,evals,final_best_opt,init_opt
bestofb__Qwen_Qwen3p6-35B-A3B__c0__s1,bestofb,Qwen_Qwen3p6-35B-A3B,,0.12796727848169365,0.132634806785542
bestofb__Qwen_Qwen3p6-35B-A3B__c0__s2,bestofb,Qwen_Qwen3p6-35B-A3B,,0.12602176968864282,0.13010894220680708
bestofb__Qwen_Qwen3p6-35B-A3B__c0__s3,bestofb,Qwen_Qwen3p6-35B-A3B,6.0,0.12753675988550794,0.1337638852298571
bestofb__Qwen_Qwen3p6-35B-A3B__c1__s1,bestofb,Qwen_Qwen3p6-35B-A3B,,0.12587361909393907,0.12983357002003643
bestofb__Qwen_Qwen3p6-35B-A3B__c1__s2,bestofb,Qwen_Qwen3p6-35B-A3B,,0.11809352630784767,0.12241834821894337
bestofb__Qwen_Qwen3p6-35B-A3B__c1__s3,bestofb,Qwen_Qwen3p6-35B-A3B,,0.12239089443812978,0.1255232529452528
bestofb__Qwen_Qwen3p6-35B-A3B__c2__s1,bestofb,Qwen_Qwen3p6-35B-A3B,,0.13833396679448784,0.14316282315926376
bestofb__Qwen_Qwen3p6-35B-A3B__c2__s2,bestofb,Qwen_Qwen3p6-35B-A3B,,0.140773275788784,0.145008909443195
bestofb__Qwen_Qwen3p6-35B-A3B__c2__s3,bestofb,Qwen_Qwen3p6-35B-A3B,,0.13885282728264048,0.14153690308122363
de__Qwen_Qwen3p6-35B-A3B__c0__s1,de,Qwen_Qwen3p6-35B-A3B,,0.12874521860731022,0.1326209487169458
de__Qwen_Qwen3p6-35B-A3B__c0__s2,de,Qwen_Qwen3p6-35B-A3B,,0.1279174572425154,0.13006376936887998
de__Qwen_Qwen3p6-35B-A3B__c0__s3,de,Qwen_Qwen3p6-35B-A3B,7.0,0.1276513109428796,0.13380096703974326
de__Qwen_Qwen3p6-35B-A3B__c1__s1,de,Qwen_Qwen3p6-35B-A3B,,0.12827667080192867,0.12966342357060867
de__Qwen_Qwen3p6-35B-A3B__c1__s2,de,Qwen_Qwen3p6-35B-A3B,,0.11862843934998493,0.12244417195433073
de__Qwen_Qwen3p6-35B-A3B__c1__s3,de,Qwen_Qwen3p6-35B-A3B,,0.12490275488015627,0.12553879099641616
de__Qwen_Qwen3p6-35B-A3B__c2__s1,de,Qwen_Qwen3p6-35B-A3B,,0.13866106330264846,0.14270286769847798
de__Qwen_Qwen3p6-35B-A3B__c2__s2,de,Qwen_Qwen3p6-35B-A3B,,0.14127695568966253,0.14508300530833804
de__Qwen_Qwen3p6-35B-A3B__c2__s3,de,Qwen_Qwen3p6-35B-A3B,,0.13892076979941664,0.14151057478636558
ga-s0__Qwen_Qwen3p6-35B-A3B__c0__s1,ga,Qwen_Qwen3p6-35B-A3B,1.0,-0.7227357835349509,-0.6545530249073463
ga-s0__Qwen_Qwen3p6-35B-A3B__c0__s2,ga,Qwen_Qwen3p6-35B-A3B,1.0,-0.7508597927451954,-0.6600088693675791
ga-s0__Qwen_Qwen3p6-35B-A3B__c0__s3,ga,Qwen_Qwen3p6-35B-A3B,1.0,-0.7506181918344714,-0.6519008465041329
ga-s0__Qwen_Qwen3p6-35B-A3B__c1__s1,ga,Qwen_Qwen3p6-35B-A3B,2.0,-0.768493634006849,-0.6540456669743463
ga-s0__Qwen_Qwen3p6-35B-A3B__c1__s2,ga,Qwen_Qwen3p6-35B-A3B,1.0,-0.7652780397176672,-0.6597182056001284
ga-s0__Qwen_Qwen3p6-35B-A3B__c1__s3,ga,Qwen_Qwen3p6-35B-A3B,1.0,-0.7625375011354822,-0.66423067645173
ga-s0__Qwen_Qwen3p6-35B-A3B__c2__s1,ga,Qwen_Qwen3p6-35B-A3B,1.0,-0.7274878316999794,-0.6242242778049476
ga-s0__Qwen_Qwen3p6-35B-A3B__c2__s2,ga,Qwen_Qwen3p6-35B-A3B,1.0,-0.725041239150401,-0.6170550535866225
ga-s0__Qwen_Qwen3p6-35B-A3B__c2__s3,ga,Qwen_Qwen3p6-35B-A3B,1.0,-0.7280064274994505,-0.6321115775069103
ga__Qwen_Qwen3p6-35B-A3B__c0__s1,ga,Qwen_Qwen3p6-35B-A3B,20.0,0.12685695891619536,0.1326270968855166
ga__Qwen_Qwen3p6-35B-A3B__c0__s2,ga,Qwen_Qwen3p6-35B-A3B,,0.12536701225619615,0.130113678465324
ga__Qwen_Qwen3p6-35B-A3B__c0__s3,ga,Qwen_Qwen3p6-35B-A3B,10.0,0.12669257012961319,0.13379283309841833
ga__Qwen_Qwen3p6-35B-A3B__c1__s1,ga,Qwen_Qwen3p6-35B-A3B,28.0,0.12381253519796587,0.1298566520773645
ga__Qwen_Qwen3p6-35B-A3B__c1__s2,ga,Qwen_Qwen3p6-35B-A3B,,0.11773468941147476,0.12240993638068201
ga__Qwen_Qwen3p6-35B-A3B__c1__s3,ga,Qwen_Qwen3p6-35B-A3B,,0.12110666957466817,0.12545594422741763
ga__Qwen_Qwen3p6-35B-A3B__c2__s1,ga,Qwen_Qwen3p6-35B-A3B,,0.13809287113176044,0.14265248669346542
ga__Qwen_Qwen3p6-35B-A3B__c2__s2,ga,Qwen_Qwen3p6-35B-A3B,,0.1409495222077962,0.1450234454404738
ga__Qwen_Qwen3p6-35B-A3B__c2__s3,ga,Qwen_Qwen3p6-35B-A3B,,0.13814273744056532,0.1415277059354041
gepa__Qwen_Qwen3p6-35B-A3B__c0__s1,gepa,Qwen_Qwen3p6-35B-A3B,78.0,0.12757019131709474,0.13261720549530778
gepa__Qwen_Qwen3p6-35B-A3B__c0__s2,gepa,Qwen_Qwen3p6-35B-A3B,,0.12580354421781254,0.13012923974758855
gepa__Qwen_Qwen3p6-35B-A3B__c0__s3,gepa,Qwen_Qwen3p6-35B-A3B,35.0,0.12882077586949997,0.1338298651502884
mapelites__Qwen_Qwen3p6-35B-A3B__c0__s1,mapelites,Qwen_Qwen3p6-35B-A3B,11.0,0.12637889717535183,0.1326338281018768
