cell_id,arm,model,cluster,seed,mstar_base,mstar_evolved,delta
bestofb__Qwen_Qwen3p6-35B-A3B__c0__s1,bestofb,Qwen_Qwen3p6-35B-A3B,0,1,0.40762093720477227,3.2242690032237706,2.8166480660189985
bestofb__Qwen_Qwen3p6-35B-A3B__c0__s2,bestofb,Qwen_Qwen3p6-35B-A3B,0,2,0.36952638206912825,3.2724035868822523,2.902877204813124
bestofb__Qwen_Qwen3p6-35B-A3B__c0__s3,bestofb,Qwen_Qwen3p6-35B-A3B,0,3,0.06040770592330266,4.004825358983236,3.9444176530599337
bestofb__Qwen_Qwen3p6-35B-A3B__c1__s1,bestofb,Qwen_Qwen3p6-35B-A3B,1,1,0.4207926086107934,2.531773716374264,2.110981107763471
bestofb__Qwen_Qwen3p6-35B-A3B__c1__s2,bestofb,Qwen_Qwen3p6-35B-A3B,1,2,0.24775724679230407,5.153071780133449,4.905314533341145
bestofb__Qwen_Qwen3p6-35B-A3B__c1__s3,bestofb,Qwen_Qwen3p6-35B-A3B,1,3,0.6743622365243612,4.234799816440316,3.5604375799159547
bestofb__Qwen_Qwen3p6-35B-A3B__c2__s1,bestofb,Qwen_Qwen3p6-35B-A3B,2,1,1.5142124789229467,3.2933920524103577,1.779179573487411
bestofb__Qwen_Qwen3p6-35B-A3B__c2__s2,bestofb,Qwen_Qwen3p6-35B-A3B,2,2,1.093907068841402,3.7383834631856203,2.644476394344218
bestofb__Qwen_Qwen3p6-35B-A3B__c2__s3,bestofb,Qwen_Qwen3p6-35B-A3B,2,3,1.2984510152638387,3.579615603347172,2.2811645880833336
de__Qwen_Qwen3p6-35B-A3B__c0__s1,de,Qwen_Qwen3p6-35B-A3B,0,1,0.42604540711192795,3.186497052245233,2.760451645133305
de__Qwen_Qwen3p6-35B-A3B__c0__s2,de,Qwen_Qwen3p6-35B-A3B,0,2,0.36076972487251646,1.8011654695413033,1.4403957446687867
de__Qwen_Qwen3p6-35B-A3B__c0__s3,de,Qwen_Qwen3p6-35B-A3B,0,3,0.08145449890203271,3.9874782485553597,3.906023749653327
de__Qwen_Qwen3p6-35B-A3B__c1__s1,de,Qwen_Qwen3p6-35B-A3B,1,1,0.4052673944806113,0.9106035340352334,0.5053361395546221
de__Qwen_Qwen3p6-35B-A3B__c1__s2,de,Qwen_Qwen3p6-35B-A3B,1,2,0.2605350458359071,4.265779043358227,4.00524399752232
de__Qwen_Qwen3p6-35B-A3B__c1__s3,de,Qwen_Qwen3p6-35B-A3B,1,3,0.6504645231182028,1.2210042249898507,0.5705397018716479
de__Qwen_Qwen3p6-35B-A3B__c2__s1,de,Qwen_Qwen3p6-35B-A3B,2,1,1.5199770242476873,3.489219671119427,1.9692426468717397
de__Qwen_Qwen3p6-35B-A3B__c2__s2,de,Qwen_Qwen3p6-35B-A3B,2,2,1.0607628628969683,3.622096306811746,2.561333443914778
de__Qwen_Qwen3p6-35B-A3B__c2__s3,de,Qwen_Qwen3p6-35B-A3B,2,3,1.2953368922534714,3.656805885343533,2.3614689930900616
ga-s0__Qwen_Qwen3p6-35B-A3B__c0__s1,ga-s0,Qwen_Qwen3p6-35B-A3B,0,1,0.41181723655258196,2.41659427497776,2.004777038425178
ga-s0__Qwen_Qwen3p6-35B-A3B__c0__s2,ga-s0,Qwen_Qwen3p6-35B-A3B,0,2,0.37419022056303525,4.592471371899874,4.218281151336839
ga-s0__Qwen_Qwen3p6-35B-A3B__c0__s3,ga-s0,Qwen_Qwen3p6-35B-A3B,0,3,0.05485093660912741,4.440584568269574,4.385733631660447
ga-s0__Qwen_Qwen3p6-35B-A3B__c1__s1,ga-s0,Qwen_Qwen3p6-35B-A3B,1,1,0.42551072099141224,5.666405834150057,5.240895113158644
ga-s0__Qwen_Qwen3p6-35B-A3B__c1__s2,ga-s0,Qwen_Qwen3p6-35B-A3B,1,2,0.27082345130591234,4.083417267430761,3.8125938161248487
ga-s0__Qwen_Qwen3p6-35B-A3B__c1__s3,ga-s0,Qwen_Qwen3p6-35B-A3B,1,3,0.6462653546420979,4.367632845431152,3.721367490789054
ga-s0__Qwen_Qwen3p6-35B-A3B__c2__s1,ga-s0,Qwen_Qwen3p6-35B-A3B,2,1,1.5262397096123483,4.186283455571668,2.6600437459593196
ga-s0__Qwen_Qwen3p6-35B-A3B__c2__s2,ga-s0,Qwen_Qwen3p6-35B-A3B,2,2,1.073514346874092,4.824259130116895,3.7507447832428027
ga-s0__Qwen_Qwen3p6-35B-A3B__c2__s3,ga-s0,Qwen_Qwen3p6-35B-A3B,2,3,1.2927890280972072,1.9613759236327066,0.6685868955354994
ga__Qwen_Qwen3p6-35B-A3B__c0__s1,ga,Qwen_Qwen3p6-35B-A3B,0,1,0.41705806760243874,3.4219814980658323,3.0049234304633936
ga__Qwen_Qwen3p6-35B-A3B__c0__s2,ga,Qwen_Qwen3p6-35B-A3B,0,2,0.3795645611288752,4.225046265405477,3.845481704276602
ga__Qwen_Qwen3p6-35B-A3B__c0__s3,ga,Qwen_Qwen3p6-35B-A3B,0,3,0.07820501802077927,4.6165655984285685,4.538360580407789
ga__Qwen_Qwen3p6-35B-A3B__c1__s1,ga,Qwen_Qwen3p6-35B-A3B,1,1,0.43211212477308525,4.72355846046909,4.291446335696005
ga__Qwen_Qwen3p6-35B-A3B__c1__s2,ga,Qwen_Qwen3p6-35B-A3B,1,2,0.24180862930216998,4.330861335349595,4.089052706047425
ga__Qwen_Qwen3p6-35B-A3B__c1__s3,ga,Qwen_Qwen3p6-35B-A3B,1,3,0.6401346373393534,4.625828966639109,3.985694329299755
ga__Qwen_Qwen3p6-35B-A3B__c2__s1,ga,Qwen_Qwen3p6-35B-A3B,2,1,1.5215642216470138,3.7989386122883975,2.2773743906413837
ga__Qwen_Qwen3p6-35B-A3B__c2__s2,ga,Qwen_Qwen3p6-35B-A3B,2,2,1.1025494200830068,4.002316526940083,2.8997671068570763
ga__Qwen_Qwen3p6-35B-A3B__c2__s3,ga,Qwen_Qwen3p6-35B-A3B,2,3,1.2862319900172345,3.658558734686087,2.372326744668852
gepa__Qwen_Qwen3p6-35B-A3B__c0__s1,gepa,Qwen_Qwen3p6-35B-A3B,0,1,0.41568366217073377,3.496667491078316,3.0809838289075824
gepa__Qwen_Qwen3p6-35B-A3B__c0__s2,gepa,Qwen_Qwen3p6-35B-A3B,0,2,0.36351610770834286,2.6482801589632925,2.2847640512549496
gepa__Qwen_Qwen3p6-35B-A3B__c0__s3,gepa,Qwen_Qwen3p6-35B-A3B,0,3,0.0792056238151856,3.4234725735900775,3.344266949774892
gepa__Qwen_Qwen3p6-35B-A3B__c1__s1,gepa,Qwen_Qwen3p6-35B-A3B,1,1,0.4086599457841808,2.47266914164059,2.0640091958564093
gepa__Qwen_Qwen3p6-35B-A3B__c1__s2,gepa,Qwen_Qwen3p6-35B-A3B,1,2,0.24784547541766358,0.3297344172195779,0.08188894180191433
gepa__Qwen_Qwen3p6-35B-A3B__c2__s1,gepa,Qwen_Qwen3p6-35B-A3B,2,1,1.5181231190151867,3.684419001267455,2.1662958822522684
gepa__Qwen_Qwen3p6-35B-A3B__c2__s2,gepa,Qwen_Qwen3p6-35B-A3B,2,2,1.0447547887626825,2.3676223680454918,1.3228675792828093
gepa__Qwen_Qwen3p6-35B-A3B__c2__s3,gepa,Qwen_Qwen3p6-35B-A3B,2,3,1.2867218959032973,2.2368742688445096,0.9501523729412122
mapelites__Qwen_Qwen3p6-35B-A3B__c0__s1,mapelites,Qwen_Qwen3p6-35B-A3B,0,1,0.41063771319711007,3.964551889698057,3.553914176500947
mapelites__Qwen_Qwen3p6-35B-A3B__c0__s2,mapelites,Qwen_Qwen3p6-35B-A3B,0,2,0.36555102804859047,3.8353675771639826,3.469816549115392
mapelites__Qwen_Qwen3p6-35B-A3B__c0__s3,mapelites,Qwen_Qwen3p6-35B-A3B,0,3,0.05815643967107954,4.378386086139843,4.320229646468763
mapelites__Qwen_Qwen3p6-35B-A3B__c1__s1,mapelites,Qwen_Qwen3p6-35B-A3B,1,1,0.4037113580043511,5.209330001410446,4.8056186434060955
mapelites__Qwen_Qwen3p6-35B-A3B__c1__s2,mapelites,Qwen_Qwen3p6-35B-A3B,1,2,0.24052204578533082,4.741101862109342,4.500579816324011
mapelites__Qwen_Qwen3p6-35B-A3B__c1__s3,mapelites,Qwen_Qwen3p6-35B-A3B,1,3,0.651170685512163,4.599780645453133,3.9486099599409696
mapelites__Qwen_Qwen3p6-35B-A3B__c2__s1,mapelites,Qwen_Qwen3p6-35B-A3B,2,1,1.534888399303051,3.847917848868077,2.313029449565026
mapelites__Qwen_Qwen3p6-35B-A3B__c2__s2,mapelites,Qwen_Qwen3p6-35B-A3B,2,2,1.149345857778712,4.1634431671471255,3.0140973093684136
mapelites__Qwen_Qwen3p6-35B-A3B__c2__s3,mapelites,Qwen_Qwen3p6-35B-A3B,2,3,1.277386377394067,4.052142306270077,2.7747559288760097
opro__Qwen_Qwen3p6-35B-A3B__c0__s1,opro,Qwen_Qwen3p6-35B-A3B,0,1,0.40971229135271126,3.3351569864436312,2.92544469509092
opro__Qwen_Qwen3p6-35B-A3B__c0__s2,opro,Qwen_Qwen3p6-35B-A3B,0,2,0.37823409944164704,3.628046768087527,3.24981266864588
opro__Qwen_Qwen3p6-35B-A3B__c0__s3,opro,Qwen_Qwen3p6-35B-A3B,0,3,0.06921045098090163,3.6567549811636137,3.5875445301827122
opro__Qwen_Qwen3p6-35B-A3B__c1__s1,opro,Qwen_Qwen3p6-35B-A3B,1,1,0.4171005795387336,2.350152664292493,1.9330520847537596
opro__Qwen_Qwen3p6-35B-A3B__c1__s2,opro,Qwen_Qwen3p6-35B-A3B,1,2,0.2594593071325237,3.135694959040151,2.8762356519076273
opro__Qwen_Qwen3p6-35B-A3B__c1__s3,opro,Qwen_Qwen3p6-35B-A3B,1,3,0.6584226381190708,3.5021851827683026,2.843762544649232
paraphrase__Qwen_Qwen3p6-35B-A3B__c0__s1,paraphrase,Qwen_Qwen3p6-35B-A3B,0,1,0.41912148623141154,0.7270299224649232,0.3079084362335116
paraphrase__Qwen_Qwen3p6-35B-A3B__c1__s3,paraphrase,Qwen_Qwen3p6-35B-A3B,1,3,0.6099273000406686,1.0242112099554006,0.41428390991473196
